{
  "ar-SA-ar-SA": 0.6211385726928711,
  "ar-SA-de-DE": 0.15442487597465515,
  "ar-SA-en-US": 0.2554101049900055,
  "ar-SA-es-ES": 0.13893727958202362,
  "ar-SA-fr-FR": 0.21556028723716736,
  "de-DE-ar-SA": 0.07284925132989883,
  "de-DE-de-DE": 0.7638471722602844,
  "de-DE-en-US": 0.29873672127723694,
  "de-DE-es-ES": 0.15131251513957977,
  "de-DE-fr-FR": 0.22601169347763062,
  "en-US-ar-SA": 0.02321195788681507,
  "en-US-de-DE": 0.06244679540395737,
  "en-US-en-US": 0.363063246011734,
  "en-US-es-ES": 0.057802893221378326,
  "en-US-fr-FR": 0.079938605427742,
  "es-ES-ar-SA": 0.0644826665520668,
  "es-ES-de-DE": 0.13103212416172028,
  "es-ES-en-US": 0.0,
  "es-ES-es-ES": 0.7493847012519836,
  "es-ES-fr-FR": 0.19193285703659058,
  "fr-FR-ar-SA": 0.09052934497594833,
  "fr-FR-de-DE": 0.19601131975650787,
  "fr-FR-en-US": 0.3054732382297516,
  "fr-FR-es-ES": 0.18448737263679504,
  "fr-FR-fr-FR": 0.7619134187698364
}